,Original_Tags,Tags,YearTagCount
0,"bash,awk",bash,460
1,"bash,awk",awk,460
2,"angularjs,ionic-framework",angularjs,511
3,"angularjs,ionic-framework",ionic-framework,511
4,"java,javafx",java,1034
5,"java,javafx",javafx,1034
6,"javascript,jquery,css",javascript,1822
7,"javascript,jquery,css",jquery,1822
8,"javascript,jquery,css",css,1822
9,"css,sass",css,419
10,"css,sass",sass,419
11,"vba,ms-access",vba,342
12,"vba,ms-access",ms-access,342
13,"docker,docker-compose",docker,473
14,"docker,docker-compose",docker-compose,473
15,"python,matplotlib,plot",python,389
16,"python,matplotlib,plot",matplotlib,389
17,"python,matplotlib,plot",plot,389
18,"c,pointers",c,718
19,"c,pointers",pointers,718
20,"c#,linq",c#,2997
21,"c#,linq",linq,2997
22,"c#,winforms",c#,1883
23,"c#,winforms",winforms,1883
24,"ios,swift,firebase,firebase-realtime-database",ios,422
25,"ios,swift,firebase,firebase-realtime-database",swift,422
26,"ios,swift,firebase,firebase-realtime-database",firebase,422
27,"ios,swift,firebase,firebase-realtime-database",firebase-realtime-database,422
28,"c#,unity3d",c#,1697
29,"c#,unity3d",unity3d,1697
30,"css,flexbox",css,534
31,"css,flexbox",flexbox,534
32,"html,css,image",html,321
33,"html,css,image",css,321
34,"html,css,image",image,321
35,"c#,sql",c#,348
36,"c#,sql",sql,348
37,"sql,ms-access",sql,762
38,"sql,ms-access",ms-access,762
39,"c#,xml",c#,685
40,"c#,xml",xml,685
41,"c#,entity-framework,linq",c#,499
42,"c#,entity-framework,linq",entity-framework,499
43,"c#,entity-framework,linq",linq,499
44,"android,json",android,542
45,"android,json",json,542
46,"javascript,jquery,regex",javascript,427
47,"javascript,jquery,regex",jquery,427
48,"javascript,jquery,regex",regex,427
49,"javascript,php,ajax",javascript,435
50,"javascript,php,ajax",php,435
51,"javascript,php,ajax",ajax,435
52,"python,numpy",python,2064
53,"python,numpy",numpy,2064
54,"reactjs,redux",reactjs,463
55,"reactjs,redux",redux,463
56,"reactjs,redux,react-redux",reactjs,382
57,"reactjs,redux,react-redux",redux,382
58,"reactjs,redux,react-redux",react-redux,382
59,"mysql,database",mysql,641
60,"mysql,database",database,641
61,"php,laravel,laravel-5.2",php,312
62,"php,laravel,laravel-5.2",laravel,312
63,"php,laravel,laravel-5.2",laravel-5.2,312
64,"javascript,node.js",javascript,2680
65,"javascript,node.js",node.js,2680
66,"mongodb,aggregation-framework",mongodb,369
67,"mongodb,aggregation-framework",aggregation-framework,369
68,"python,string",python,537
69,"python,string",string,537
70,"c#,generics",c#,502
71,"c#,generics",generics,502
72,"java,eclipse",java,754
73,"java,eclipse",eclipse,754
74,"laravel,laravel-5",laravel,526
75,"laravel,laravel-5",laravel-5,526
76,"php,mysql,sql",php,1350
77,"php,mysql,sql",mysql,1350
78,"php,mysql,sql",sql,1350
79,"r,ggplot2",r,2883
80,"r,ggplot2",ggplot2,2883
81,"javascript,arrays",javascript,3021
82,"javascript,arrays",arrays,3021
83,"bash,sed",bash,359
84,"bash,sed",sed,359
85,"android,android-studio",android,1612
86,"android,android-studio",android-studio,1612
87,"java,regex",java,2352
88,"java,regex",regex,2352
89,"javascript,php",javascript,1321
90,"javascript,php",php,1321
91,"amazon-web-services,amazon-s3",amazon-web-services,307
92,"amazon-web-services,amazon-s3",amazon-s3,307
93,"java,android,sqlite",java,350
94,"java,android,sqlite",android,350
95,"java,android,sqlite",sqlite,350
96,"javascript,json",javascript,1346
97,"javascript,json",json,1346
98,"html,css,svg",html,367
99,"html,css,svg",css,367
100,"html,css,svg",svg,367
101,"java,maven",java,514
102,"java,maven",maven,514
103,"javascript,jquery,html,css",javascript,9789
104,"javascript,jquery,html,css",jquery,9789
105,"javascript,jquery,html,css",html,9789
106,"javascript,jquery,html,css",css,9789
107,"regex,notepad++",regex,416
108,"regex,notepad++",notepad++,416
109,"r,plot,ggplot2",r,401
110,"r,plot,ggplot2",plot,401
111,"r,plot,ggplot2",ggplot2,401
112,"sql-server,sql-server-2008",sql-server,438
113,"sql-server,sql-server-2008",sql-server-2008,438
114,"ios,swift",ios,5009
115,"ios,swift",swift,5009
116,"java,android",java,6431
117,"java,android",android,6431
118,"php,html,forms",php,382
119,"php,html,forms",html,382
120,"php,html,forms",forms,382
121,"c#,.net,winforms",c#,655
122,"c#,.net,winforms",.net,655
123,"c#,.net,winforms",winforms,655
124,"javascript,jquery,html",javascript,10200
125,"javascript,jquery,html",jquery,10200
126,"javascript,jquery,html",html,10200
127,"django,django-rest-framework",django,527
128,"django,django-rest-framework",django-rest-framework,527
129,"android,listview",android,859
130,"android,listview",listview,859
131,"css,html",css,674
132,"css,html",html,674
133,"javascript,google-maps,google-maps-api-3",javascript,740
134,"javascript,google-maps,google-maps-api-3",google-maps,740
135,"javascript,google-maps,google-maps-api-3",google-maps-api-3,740
136,"mysql,sql,join",mysql,318
137,"mysql,sql,join",sql,318
138,"mysql,sql,join",join,318
139,"java,spring,spring-mvc",java,566
140,"java,spring,spring-mvc",spring,566
141,"java,spring,spring-mvc",spring-mvc,566
142,"android,sqlite",android,889
143,"android,sqlite",sqlite,889
144,"c++,opencv",c++,563
145,"c++,opencv",opencv,563
146,"java,mysql",java,395
147,"java,mysql",mysql,395
148,"ms-access,vba",ms-access,768
149,"ms-access,vba",vba,768
150,"html,css,twitter-bootstrap",html,3941
151,"html,css,twitter-bootstrap",css,3941
152,"html,css,twitter-bootstrap",twitter-bootstrap,3941
153,"javascript,html",javascript,7194
154,"javascript,html",html,7194
155,"python,django",python,4706
156,"python,django",django,4706
157,"c#,asp.net",c#,2383
158,"c#,asp.net",asp.net,2383
159,"mongodb,mongoose",mongodb,304
160,"mongodb,mongoose",mongoose,304
161,"python,dictionary",python,1624
162,"python,dictionary",dictionary,1624
163,"c#,multithreading",c#,445
164,"c#,multithreading",multithreading,445
165,"javascript,node.js,mongodb",javascript,386
166,"javascript,node.js,mongodb",node.js,386
167,"javascript,node.js,mongodb",mongodb,386
168,"python,csv,pandas",python,342
169,"python,csv,pandas",csv,342
170,"python,csv,pandas",pandas,342
171,"html,css,twitter-bootstrap-3",html,538
172,"html,css,twitter-bootstrap-3",css,538
173,"html,css,twitter-bootstrap-3",twitter-bootstrap-3,538
174,"ember.js,ember-data",ember.js,381
175,"ember.js,ember-data",ember-data,381
176,"java,java-8,java-stream",java,699
177,"java,java-8,java-stream",java-8,699
178,"java,java-8,java-stream",java-stream,699
179,"sql,sql-server,tsql",sql,2099
180,"sql,sql-server,tsql",sql-server,2099
181,"sql,sql-server,tsql",tsql,2099
182,"html,css,responsive-design",html,408
183,"html,css,responsive-design",css,408
184,"html,css,responsive-design",responsive-design,408
185,"python,web-scraping,beautifulsoup",python,326
186,"python,web-scraping,beautifulsoup",web-scraping,326
187,"python,web-scraping,beautifulsoup",beautifulsoup,326
188,"c,string",c,310
189,"c,string",string,310
190,"java,oop",java,304
191,"java,oop",oop,304
192,"sql,sql-server,sql-server-2008",sql,1318
193,"sql,sql-server,sql-server-2008",sql-server,1318
194,"sql,sql-server,sql-server-2008",sql-server-2008,1318
195,"matlab,matlab-figure",matlab,320
196,"matlab,matlab-figure",matlab-figure,320
197,"php,mysqli",php,1169
198,"php,mysqli",mysqli,1169
199,"c#,asp.net-mvc,entity-framework",c#,394
200,"c#,asp.net-mvc,entity-framework",asp.net-mvc,394
201,"c#,asp.net-mvc,entity-framework",entity-framework,394
202,"javascript,regex",javascript,3751
203,"javascript,regex",regex,3751
204,"php,html,mysql",php,972
205,"php,html,mysql",html,972
206,"php,html,mysql",mysql,972
207,"matlab,matrix",matlab,447
208,"matlab,matrix",matrix,447
209,"php,laravel,eloquent",php,451
210,"php,laravel,eloquent",laravel,451
211,"php,laravel,eloquent",eloquent,451
212,"android,android-recyclerview",android,972
213,"android,android-recyclerview",android-recyclerview,972
214,"javascript,jquery,datatables",javascript,429
215,"javascript,jquery,datatables",jquery,429
216,"javascript,jquery,datatables",datatables,429
217,"php,mysql,arrays",php,466
218,"php,mysql,arrays",mysql,466
219,"php,mysql,arrays",arrays,466
220,"c#,wpf",c#,2050
221,"c#,wpf",wpf,2050
222,"c++,c",c++,436
223,"c++,c",c,436
224,"python,python-2.7,pandas",python,343
225,"python,python-2.7,pandas",python-2.7,343
226,"python,python-2.7,pandas",pandas,343
227,"xamarin,xamarin.forms",xamarin,444
228,"xamarin,xamarin.forms",xamarin.forms,444
229,"php,mysql,json",php,347
230,"php,mysql,json",mysql,347
231,"php,mysql,json",json,347
232,"php,oop",php,458
233,"php,oop",oop,458
234,"jquery,ajax",jquery,811
235,"jquery,ajax",ajax,811
236,".htaccess,mod-rewrite",.htaccess,306
237,".htaccess,mod-rewrite",mod-rewrite,306
238,"html,css,html-table",html,355
239,"html,css,html-table",css,355
240,"html,css,html-table",html-table,355
241,"ios,swift,uitableview",ios,1322
242,"ios,swift,uitableview",swift,1322
243,"ios,swift,uitableview",uitableview,1322
244,"php,sql",php,640
245,"php,sql",sql,640
246,"python,scrapy",python,450
247,"python,scrapy",scrapy,450
248,"reactjs,react-router",reactjs,543
249,"reactjs,react-router",react-router,543
250,"sql,oracle,oracle11g",sql,423
251,"sql,oracle,oracle11g",oracle,423
252,"sql,oracle,oracle11g",oracle11g,423
253,"sql-server,tsql",sql-server,1355
254,"sql-server,tsql",tsql,1355
255,"javascript,angular,typescript",javascript,606
256,"javascript,angular,typescript",angular,606
257,"javascript,angular,typescript",typescript,606
258,"sql-server,stored-procedures",sql-server,313
259,"sql-server,stored-procedures",stored-procedures,313
260,"c#,visual-studio",c#,461
261,"c#,visual-studio",visual-studio,461
262,"c++,string",c++,400
263,"c++,string",string,400
264,"java,json,jackson",java,373
265,"java,json,jackson",json,373
266,"java,json,jackson",jackson,373
267,"c#,json",c#,547
268,"c#,json",json,547
269,"java,android,xml",java,551
270,"java,android,xml",android,551
271,"java,android,xml",xml,551
272,"javascript,jquery,angularjs",javascript,927
273,"javascript,jquery,angularjs",jquery,927
274,"javascript,jquery,angularjs",angularjs,927
275,"java,android,android-studio",java,743
276,"java,android,android-studio",android,743
277,"java,android,android-studio",android-studio,743
278,"javascript,php,jquery,html,ajax",javascript,625
279,"javascript,php,jquery,html,ajax",php,625
280,"javascript,php,jquery,html,ajax",jquery,625
281,"javascript,php,jquery,html,ajax",html,625
282,"javascript,php,jquery,html,ajax",ajax,625
283,"php,mysql,laravel",php,531
284,"php,mysql,laravel",mysql,531
285,"php,mysql,laravel",laravel,531
286,"ios,iphone,swift",ios,311
287,"ios,iphone,swift",iphone,311
288,"ios,iphone,swift",swift,311
289,"java,json",java,537
290,"java,json",json,537
291,"python,selenium",python,521
292,"python,selenium",selenium,521
293,"javascript,ember.js",javascript,443
294,"javascript,ember.js",ember.js,443
295,"oracle,plsql",oracle,632
296,"oracle,plsql",plsql,632
297,"java,intellij-idea",java,321
298,"java,intellij-idea",intellij-idea,321
299,"javascript,ecmascript-6",javascript,1023
300,"javascript,ecmascript-6",ecmascript-6,1023
301,"scala,apache-spark",scala,1073
302,"scala,apache-spark",apache-spark,1073
303,"php,mysql",php,9732
304,"php,mysql",mysql,9732
305,"python,list,dictionary",python,493
306,"python,list,dictionary",list,493
307,"python,list,dictionary",dictionary,493
308,"c#,asp.net,asp.net-mvc",c#,615
309,"c#,asp.net,asp.net-mvc",asp.net,615
310,"c#,asp.net,asp.net-mvc",asp.net-mvc,615
311,"c#,asp.net-mvc,razor",c#,380
312,"c#,asp.net-mvc,razor",asp.net-mvc,380
313,"c#,asp.net-mvc,razor",razor,380
314,"php,jquery",php,645
315,"php,jquery",jquery,645
316,"ruby-on-rails,activerecord",ruby-on-rails,701
317,"ruby-on-rails,activerecord",activerecord,701
318,"ruby-on-rails,ruby,ruby-on-rails-4",ruby-on-rails,891
319,"ruby-on-rails,ruby,ruby-on-rails-4",ruby,891
320,"ruby-on-rails,ruby,ruby-on-rails-4",ruby-on-rails-4,891
321,"arrays,ruby",arrays,431
322,"arrays,ruby",ruby,431
323,"php,curl",php,542
324,"php,curl",curl,542
325,"css,css-selectors",css,424
326,"css,css-selectors",css-selectors,424
327,"javascript,html,css",javascript,4571
328,"javascript,html,css",html,4571
329,"javascript,html,css",css,4571
330,"php,yii2",php,499
331,"php,yii2",yii2,499
332,"javascript,angular",javascript,998
333,"javascript,angular",angular,998
334,"makefile,gnu-make",makefile,334
335,"makefile,gnu-make",gnu-make,334
336,"python,pandas,numpy",python,514
337,"python,pandas,numpy",pandas,514
338,"python,pandas,numpy",numpy,514
339,"javascript,ajax",javascript,442
340,"javascript,ajax",ajax,442
341,"javascript,jquery,html,ajax",javascript,583
342,"javascript,jquery,html,ajax",jquery,583
343,"javascript,jquery,html,ajax",html,583
344,"javascript,jquery,html,ajax",ajax,583
345,"c++,c++11",c++,1751
346,"c++,c++11",c++11,1751
347,"javascript,jquery,twitter-bootstrap",javascript,638
348,"javascript,jquery,twitter-bootstrap",jquery,638
349,"javascript,jquery,twitter-bootstrap",twitter-bootstrap,638
350,"jquery,html,css",jquery,2346
351,"jquery,html,css",html,2346
352,"jquery,html,css",css,2346
353,"c++,arrays",c++,744
354,"c++,arrays",arrays,744
355,"javascript,arrays,json",javascript,352
356,"javascript,arrays,json",arrays,352
357,"javascript,arrays,json",json,352
358,"javascript,three.js",javascript,727
359,"javascript,three.js",three.js,727
360,"node.js,npm",node.js,366
361,"node.js,npm",npm,366
362,"sql,sqlite",sql,561
363,"sql,sqlite",sqlite,561
364,"javascript,jquery,arrays",javascript,758
365,"javascript,jquery,arrays",jquery,758
366,"javascript,jquery,arrays",arrays,758
367,"r,dataframe",r,1531
368,"r,dataframe",dataframe,1531
369,"c#,datetime",c#,357
370,"c#,datetime",datetime,357
371,"java,hashmap",java,334
372,"java,hashmap",hashmap,334
373,"javascript,dom",javascript,370
374,"javascript,dom",dom,370
375,"javascript,momentjs",javascript,362
376,"javascript,momentjs",momentjs,362
377,"python,python-2.7,python-3.x",python,544
378,"python,python-2.7,python-3.x",python-2.7,544
379,"python,python-2.7,python-3.x",python-3.x,544
380,"r,matrix",r,456
381,"r,matrix",matrix,456
382,"android,android-asynctask",android,333
383,"android,android-asynctask",android-asynctask,333
384,"javascript,php,jquery",javascript,1139
385,"javascript,php,jquery",php,1139
386,"javascript,php,jquery",jquery,1139
387,"angularjs,angular-ui-router",angularjs,789
388,"angularjs,angular-ui-router",angular-ui-router,789
389,"php,codeigniter",php,1800
390,"php,codeigniter",codeigniter,1800
391,"javascript,jquery,json",javascript,1066
392,"javascript,jquery,json",jquery,1066
393,"javascript,jquery,json",json,1066
394,"django,django-models",django,510
395,"django,django-models",django-models,510
396,"sql,sql-server-2008",sql,551
397,"sql,sql-server-2008",sql-server-2008,551
398,"ios,objective-c",ios,2181
399,"ios,objective-c",objective-c,2181
400,"ios,swift,parse-platform",ios,371
401,"ios,swift,parse-platform",swift,371
402,"ios,swift,parse-platform",parse-platform,371
403,"javascript,reactjs",javascript,3408
404,"javascript,reactjs",reactjs,3408
405,"php,ajax",php,335
406,"php,ajax",ajax,335
407,"android,android-fragments",android,1358
408,"android,android-fragments",android-fragments,1358
409,"java,java-8",java,405
410,"java,java-8",java-8,405
411,"javascript,lodash",javascript,466
412,"javascript,lodash",lodash,466
413,"javascript,typescript",javascript,621
414,"javascript,typescript",typescript,621
415,"mysql,sql,database",mysql,718
416,"mysql,sql,database",sql,718
417,"mysql,sql,database",database,718
418,"php,session",php,442
419,"php,session",session,442
420,"regex,perl",regex,726
421,"regex,perl",perl,726
422,"c#,winforms,datagridview",c#,353
423,"c#,winforms,datagridview",winforms,353
424,"c#,winforms,datagridview",datagridview,353
425,"ios,swift,sprite-kit",ios,507
426,"ios,swift,sprite-kit",swift,507
427,"ios,swift,sprite-kit",sprite-kit,507
428,"c#,string",c#,314
429,"c#,string",string,314
430,"javascript,jquery,highcharts",javascript,322
431,"javascript,jquery,highcharts",jquery,322
432,"javascript,jquery,highcharts",highcharts,322
433,"php,arrays,json",php,546
434,"php,arrays,json",arrays,546
435,"php,arrays,json",json,546
436,"sql,sql-server,sql-server-2012",sql,595
437,"sql,sql-server,sql-server-2012",sql-server,595
438,"sql,sql-server,sql-server-2012",sql-server-2012,595
439,"php,apache,.htaccess,mod-rewrite",php,363
440,"php,apache,.htaccess,mod-rewrite",apache,363
441,"php,apache,.htaccess,mod-rewrite",.htaccess,363
442,"php,apache,.htaccess,mod-rewrite",mod-rewrite,363
443,"php,pdo",php,417
444,"php,pdo",pdo,417
445,"python,pygame",python,568
446,"python,pygame",pygame,568
447,"r,data.table",r,1340
448,"r,data.table",data.table,1340
449,"c++,templates",c++,933
450,"c++,templates",templates,933
451,"python,kivy",python,393
452,"python,kivy",kivy,393
453,"java,swing",java,1383
454,"java,swing",swing,1383
455,"php,html,css",php,585
456,"php,html,css",html,585
457,"php,html,css",css,585
458,"html,twitter-bootstrap",html,360
459,"html,twitter-bootstrap",twitter-bootstrap,360
460,"ios,swift,swift3",ios,406
461,"ios,swift,swift3",swift,406
462,"ios,swift,swift3",swift3,406
463,"javascript,d3.js",javascript,1974
464,"javascript,d3.js",d3.js,1974
465,"javascript,json,node.js",javascript,315
466,"javascript,json,node.js",json,315
467,"javascript,json,node.js",node.js,315
468,"python,sqlalchemy",python,476
469,"python,sqlalchemy",sqlalchemy,476
470,"javascript,promise",javascript,318
471,"javascript,promise",promise,318
472,"php,mysql,pdo",php,1304
473,"php,mysql,pdo",mysql,1304
474,"php,mysql,pdo",pdo,1304
475,"javascript,google-chrome,google-chrome-extension",javascript,365
476,"javascript,google-chrome,google-chrome-extension",google-chrome,365
477,"javascript,google-chrome,google-chrome-extension",google-chrome-extension,365
478,"vue.js,vuejs2",vue.js,325
479,"vue.js,vuejs2",vuejs2,325
480,"javascript,html,angularjs",javascript,1518
481,"javascript,html,angularjs",html,1518
482,"javascript,html,angularjs",angularjs,1518
483,"python,python-3.x,dictionary",python,302
484,"python,python-3.x,dictionary",python-3.x,302
485,"python,python-3.x,dictionary",dictionary,302
486,"javascript,date",javascript,366
487,"javascript,date",date,366
488,"c#,datagridview",c#,313
489,"c#,datagridview",datagridview,313
490,"javascript,css",javascript,873
491,"javascript,css",css,873
492,"javascript,php,jquery,ajax",javascript,1419
493,"javascript,php,jquery,ajax",php,1419
494,"javascript,php,jquery,ajax",jquery,1419
495,"javascript,php,jquery,ajax",ajax,1419
496,"ruby-on-rails,ruby,activerecord",ruby-on-rails,454
497,"ruby-on-rails,ruby,activerecord",ruby,454
498,"ruby-on-rails,ruby,activerecord",activerecord,454
499,"c#,.net",c#,1522
500,"c#,.net",.net,1522
501,"python,python-3.x",python,4322
502,"python,python-3.x",python-3.x,4322
503,"sql,tsql",sql,338
504,"sql,tsql",tsql,338
505,"c#,wpf,xaml",c#,1191
506,"c#,wpf,xaml",wpf,1191
507,"c#,wpf,xaml",xaml,1191
508,"java,android,android-fragments",java,513
509,"java,android,android-fragments",android,513
510,"java,android,android-fragments",android-fragments,513
511,"java,arraylist",java,997
512,"java,arraylist",arraylist,997
513,"html,css",html,21778
514,"html,css",css,21778
515,"javascript,firebase,firebase-realtime-database",javascript,345
516,"javascript,firebase,firebase-realtime-database",firebase,345
517,"javascript,firebase,firebase-realtime-database",firebase-realtime-database,345
518,"javascript,jquery,jquery-ui",javascript,347
519,"javascript,jquery,jquery-ui",jquery,347
520,"javascript,jquery,jquery-ui",jquery-ui,347
521,"javascript,node.js,mongodb,mongoose",javascript,431
522,"javascript,node.js,mongodb,mongoose",node.js,431
523,"javascript,node.js,mongodb,mongoose",mongodb,431
524,"javascript,node.js,mongodb,mongoose",mongoose,431
525,"windows,batch-file,cmd",windows,439
526,"windows,batch-file,cmd",batch-file,439
527,"windows,batch-file,cmd",cmd,439
528,"elixir,phoenix-framework",elixir,579
529,"elixir,phoenix-framework",phoenix-framework,579
530,"php,regex",php,2111
531,"php,regex",regex,2111
532,"python,sqlite",python,360
533,"python,sqlite",sqlite,360
534,"ios,objective-c,swift",ios,471
535,"ios,objective-c,swift",objective-c,471
536,"ios,objective-c,swift",swift,471
537,"javascript,vue.js",javascript,689
538,"javascript,vue.js",vue.js,689
539,"javascript,html,dom",javascript,357
540,"javascript,html,dom",html,357
541,"javascript,html,dom",dom,357
542,"javascript,reactjs,ecmascript-6",javascript,406
543,"javascript,reactjs,ecmascript-6",reactjs,406
544,"javascript,reactjs,ecmascript-6",ecmascript-6,406
545,"node.js,mongodb",node.js,599
546,"node.js,mongodb",mongodb,599
547,"r,plot",r,576
548,"r,plot",plot,576
549,"javascript,reactjs,react-native",javascript,332
550,"javascript,reactjs,react-native",reactjs,332
551,"javascript,reactjs,react-native",react-native,332
552,"mongodb,mongodb-query",mongodb,584
553,"mongodb,mongodb-query",mongodb-query,584
554,"mysql,join",mysql,441
555,"mysql,join",join,441
556,"android,realm",android,348
557,"android,realm",realm,348
558,"java,generics",java,907
559,"java,generics",generics,907
560,"javascript,reactjs,react-router",javascript,396
561,"javascript,reactjs,react-router",reactjs,396
562,"javascript,reactjs,react-router",react-router,396
563,"c,arrays",c,812
564,"c,arrays",arrays,812
565,"google-apps-script,google-sheets",google-apps-script,662
566,"google-apps-script,google-sheets",google-sheets,662
567,"javascript,meteor",javascript,582
568,"javascript,meteor",meteor,582
569,"javascript,google-maps",javascript,417
570,"javascript,google-maps",google-maps,417
571,"php,arrays,multidimensional-array",php,896
572,"php,arrays,multidimensional-array",arrays,896
573,"php,arrays,multidimensional-array",multidimensional-array,896
574,"android,google-maps",android,535
575,"android,google-maps",google-maps,535
576,"html,css,twitter-bootstrap,twitter-bootstrap-3",html,487
577,"html,css,twitter-bootstrap,twitter-bootstrap-3",css,487
578,"html,css,twitter-bootstrap,twitter-bootstrap-3",twitter-bootstrap,487
579,"html,css,twitter-bootstrap,twitter-bootstrap-3",twitter-bootstrap-3,487
580,"xml,xpath",xml,305
581,"xml,xpath",xpath,305
582,"css,twitter-bootstrap",css,1186
583,"css,twitter-bootstrap",twitter-bootstrap,1186
584,"php,.htaccess",php,452
585,"php,.htaccess",.htaccess,452
586,"python,json",python,831
587,"python,json",json,831
588,"python,pandas,matplotlib",python,450
589,"python,pandas,matplotlib",pandas,450
590,"python,pandas,matplotlib",matplotlib,450
591,"angular,angular2-routing",angular,683
592,"angular,angular2-routing",angular2-routing,683
593,"php,wordpress,woocommerce",php,583
594,"php,wordpress,woocommerce",wordpress,583
595,"php,wordpress,woocommerce",woocommerce,583
596,"mongodb,mongodb-query,aggregation-framework",mongodb,581
597,"mongodb,mongodb-query,aggregation-framework",mongodb-query,581
598,"mongodb,mongodb-query,aggregation-framework",aggregation-framework,581
599,"sql,sql-server,database",sql,350
600,"sql,sql-server,database",sql-server,350
601,"sql,sql-server,database",database,350
602,"r,regex",r,368
603,"r,regex",regex,368
604,"ruby-on-rails,devise",ruby-on-rails,378
605,"ruby-on-rails,devise",devise,378
606,"android,android-intent",android,555
607,"android,android-intent",android-intent,555
608,"android,android-layout",android,1586
609,"android,android-layout",android-layout,1586
610,"c#,asp.net,gridview",c#,530
611,"c#,asp.net,gridview",asp.net,530
612,"c#,asp.net,gridview",gridview,530
613,"c++,vector",c++,589
614,"c++,vector",vector,589
615,"python,mysql",python,367
616,"python,mysql",mysql,367
617,"java,spring",java,875
618,"java,spring",spring,875
619,"java,spring,spring-boot",java,406
620,"java,spring,spring-boot",spring,406
621,"java,spring,spring-boot",spring-boot,406
622,"javascript,knockout.js",javascript,554
623,"javascript,knockout.js",knockout.js,554
624,"php,laravel",php,2515
625,"php,laravel",laravel,2515
626,"c#,arrays",c#,499
627,"c#,arrays",arrays,499
628,"c++,opengl",c++,358
629,"c++,opengl",opengl,358
630,"python,regex",python,2825
631,"python,regex",regex,2825
632,"android,android-activity",android,378
633,"android,android-activity",android-activity,378
634,"arrays,swift",arrays,401
635,"arrays,swift",swift,401
636,"c#,json,json.net",c#,444
637,"c#,json,json.net",json,444
638,"c#,json,json.net",json.net,444
639,"git,github",git,1414
640,"git,github",github,1414
641,"jquery,datatables",jquery,409
642,"jquery,datatables",datatables,409
643,"c++,pointers",c++,532
644,"c++,pointers",pointers,532
645,"r,dplyr",r,1701
646,"r,dplyr",dplyr,1701
647,"android,android-edittext",android,348
648,"android,android-edittext",android-edittext,348
649,"linux,bash",linux,759
650,"linux,bash",bash,759
651,"linux,bash,shell",linux,696
652,"linux,bash,shell",bash,696
653,"linux,bash,shell",shell,696
654,"php,laravel-5",php,483
655,"php,laravel-5",laravel-5,483
656,"c#,entity-framework",c#,1081
657,"c#,entity-framework",entity-framework,1081
658,"javascript,arrays,object",javascript,448
659,"javascript,arrays,object",arrays,448
660,"javascript,arrays,object",object,448
661,"javascript,canvas",javascript,370
662,"javascript,canvas",canvas,370
663,"javascript,angularjs,ionic-framework",javascript,360
664,"javascript,angularjs,ionic-framework",angularjs,360
665,"javascript,angularjs,ionic-framework",ionic-framework,360
666,"php,date",php,355
667,"php,date",date,355
668,"java,libgdx",java,326
669,"java,libgdx",libgdx,326
670,"ruby-on-rails,ruby-on-rails-4",ruby-on-rails,987
671,"ruby-on-rails,ruby-on-rails-4",ruby-on-rails-4,987
672,"wpf,xaml",wpf,455
673,"wpf,xaml",xaml,455
674,"javascript,html,css,angularjs",javascript,371
675,"javascript,html,css,angularjs",html,371
676,"javascript,html,css,angularjs",css,371
677,"javascript,html,css,angularjs",angularjs,371
678,"mysql,sql",mysql,7118
679,"mysql,sql",sql,7118
680,"python,csv",python,1029
681,"python,csv",csv,1029
682,"angular,ionic2",angular,317
683,"angular,ionic2",ionic2,317
684,"php,mysql,mysqli",php,1031
685,"php,mysql,mysqli",mysql,1031
686,"php,mysql,mysqli",mysqli,1031
687,"sql,postgresql",sql,2350
688,"sql,postgresql",postgresql,2350
689,"swift,sprite-kit",swift,382
690,"swift,sprite-kit",sprite-kit,382
691,"excel,excel-formula,vba",excel,357
692,"excel,excel-formula,vba",excel-formula,357
693,"excel,excel-formula,vba",vba,357
694,"javascript,angularjs",javascript,9054
695,"javascript,angularjs",angularjs,9054
696,"ruby-on-rails,ruby",ruby-on-rails,3367
697,"ruby-on-rails,ruby",ruby,3367
698,"java,recursion",java,378
699,"java,recursion",recursion,378
700,"python,django,django-models",python,576
701,"python,django,django-models",django,576
702,"python,django,django-models",django-models,576
703,"jquery,twitter-bootstrap",jquery,340
704,"jquery,twitter-bootstrap",twitter-bootstrap,340
705,"php,laravel,laravel-5",php,1208
706,"php,laravel,laravel-5",laravel,1208
707,"php,laravel,laravel-5",laravel-5,1208
708,"javascript,jquery,ajax",javascript,1987
709,"javascript,jquery,ajax",jquery,1987
710,"javascript,jquery,ajax",ajax,1987
711,"javascript,php,jquery,html,css",javascript,358
712,"javascript,php,jquery,html,css",php,358
713,"javascript,php,jquery,html,css",jquery,358
714,"javascript,php,jquery,html,css",html,358
715,"javascript,php,jquery,html,css",css,358
716,"jquery,html",jquery,2098
717,"jquery,html",html,2098
718,"python,matplotlib",python,1906
719,"python,matplotlib",matplotlib,1906
720,"python,python-3.x,tkinter",python,333
721,"python,python-3.x,tkinter",python-3.x,333
722,"python,python-3.x,tkinter",tkinter,333
723,"javascript,angularjs,json",javascript,476
724,"javascript,angularjs,json",angularjs,476
725,"javascript,angularjs,json",json,476
726,"java,regex,string",java,335
727,"java,regex,string",regex,335
728,"java,regex,string",string,335
729,"excel,excel-formula",excel,1626
730,"excel,excel-formula",excel-formula,1626
731,"javascript,highcharts",javascript,611
732,"javascript,highcharts",highcharts,611
733,"javascript,jquery,html,css,twitter-bootstrap",javascript,1336
734,"javascript,jquery,html,css,twitter-bootstrap",jquery,1336
735,"javascript,jquery,html,css,twitter-bootstrap",html,1336
736,"javascript,jquery,html,css,twitter-bootstrap",css,1336
737,"javascript,jquery,html,css,twitter-bootstrap",twitter-bootstrap,1336
738,"php,magento",php,347
739,"php,magento",magento,347
740,"batch-file,cmd",batch-file,493
741,"batch-file,cmd",cmd,493
742,"c++,qt",c++,1318
743,"c++,qt",qt,1318
744,"node.js,mongodb,mongoose",node.js,1129
745,"node.js,mongodb,mongoose",mongodb,1129
746,"node.js,mongodb,mongoose",mongoose,1129
747,"php,symfony",php,969
748,"php,symfony",symfony,969
749,"javascript,object",javascript,364
750,"javascript,object",object,364
751,"java,algorithm",java,354
752,"java,algorithm",algorithm,354
753,"java,multithreading",java,1195
754,"java,multithreading",multithreading,1195
755,"sql,sql-server",sql,7016
756,"sql,sql-server",sql-server,7016
757,"vba,excel",vba,9971
758,"vba,excel",excel,9971
759,"angularjs,angularjs-ng-repeat",angularjs,314
760,"angularjs,angularjs-ng-repeat",angularjs-ng-repeat,314
761,"javascript,jquery",javascript,18594
762,"javascript,jquery",jquery,18594
763,"php,symfony,doctrine-orm",php,312
764,"php,symfony,doctrine-orm",symfony,312
765,"php,symfony,doctrine-orm",doctrine-orm,312
766,"c#,unity3d,unity5",c#,369
767,"c#,unity3d,unity5",unity3d,369
768,"c#,unity3d,unity5",unity5,369
769,"javascript,vue.js,vuejs2",javascript,346
770,"javascript,vue.js,vuejs2",vue.js,346
771,"javascript,vue.js,vuejs2",vuejs2,346
772,"php,arrays",php,4034
773,"php,arrays",arrays,4034
774,"android,firebase,firebase-realtime-database",android,1033
775,"android,firebase,firebase-realtime-database",firebase,1033
776,"android,firebase,firebase-realtime-database",firebase-realtime-database,1033
777,"excel,vba",excel,4509
778,"excel,vba",vba,4509
779,"facebook,facebook-graph-api",facebook,443
780,"facebook,facebook-graph-api",facebook-graph-api,443
781,"neo4j,cypher",neo4j,1214
782,"neo4j,cypher",cypher,1214
783,"python,pandas",python,7912
784,"python,pandas",pandas,7912
785,"android,xml",android,564
786,"android,xml",xml,564
787,"javascript,d3.js,svg",javascript,445
788,"javascript,d3.js,svg",d3.js,445
789,"javascript,d3.js,svg",svg,445
790,"php,html",php,2637
791,"php,html",html,2637
792,"python,tkinter",python,1294
793,"python,tkinter",tkinter,1294
794,"swift,swift3",swift,319
795,"swift,swift3",swift3,319
796,"php,jquery,ajax",php,838
797,"php,jquery,ajax",jquery,838
798,"php,jquery,ajax",ajax,838
799,"javascript,node.js,express",javascript,916
800,"javascript,node.js,express",node.js,916
801,"javascript,node.js,express",express,916
802,"windows,batch-file",windows,594
803,"windows,batch-file",batch-file,594
804,"ansible,ansible-playbook",ansible,346
805,"ansible,ansible-playbook",ansible-playbook,346
806,"python,python-2.7",python,2981
807,"python,python-2.7",python-2.7,2981
808,"ruby,regex",ruby,487
809,"ruby,regex",regex,487
810,"python,arrays,numpy",python,1379
811,"python,arrays,numpy",arrays,1379
812,"python,arrays,numpy",numpy,1379
813,"jquery,json",jquery,338
814,"jquery,json",json,338
815,"angularjs,angularjs-directive",angularjs,838
816,"angularjs,angularjs-directive",angularjs-directive,838
817,"ios,swift,xcode",ios,514
818,"ios,swift,xcode",swift,514
819,"ios,swift,xcode",xcode,514
820,"python,flask",python,698
821,"python,flask",flask,698
822,"c#,list",c#,327
823,"c#,list",list,327
824,"c#,sql-server",c#,530
825,"c#,sql-server",sql-server,530
826,"java,android,json",java,423
827,"java,android,json",android,423
828,"java,android,json",json,423
829,"javascript,jquery,html,angularjs",javascript,379
830,"javascript,jquery,html,angularjs",jquery,379
831,"javascript,jquery,html,angularjs",html,379
832,"javascript,jquery,html,angularjs",angularjs,379
833,"c#,regex",c#,1516
834,"c#,regex",regex,1516
835,"docker,dockerfile",docker,377
836,"docker,dockerfile",dockerfile,377
837,"scala,sbt",scala,302
838,"scala,sbt",sbt,302
839,"xml,xslt",xml,1525
840,"xml,xslt",xslt,1525
841,"c++,winapi",c++,320
842,"c++,winapi",winapi,320
843,"java,hibernate,jpa",java,388
844,"java,hibernate,jpa",hibernate,388
845,"java,hibernate,jpa",jpa,388
846,"java,selenium",java,369
847,"java,selenium",selenium,369
848,"java,string",java,842
849,"java,string",string,842
850,"mongodb,meteor",mongodb,405
851,"mongodb,meteor",meteor,405
852,"ios,uitableview",ios,324
853,"ios,uitableview",uitableview,324
854,"c++,boost",c++,317
855,"c++,boost",boost,317
856,"html,twitter-bootstrap,css",html,344
857,"html,twitter-bootstrap,css",twitter-bootstrap,344
858,"html,twitter-bootstrap,css",css,344
859,"ios,swift,core-data",ios,381
860,"ios,swift,core-data",swift,381
861,"ios,swift,core-data",core-data,381
862,"php,mysql,database",php,541
863,"php,mysql,database",mysql,541
864,"php,mysql,database",database,541
865,"c#,asp.net-mvc",c#,1358
866,"c#,asp.net-mvc",asp.net-mvc,1358
867,"javascript,jquery,html,twitter-bootstrap",javascript,413
868,"javascript,jquery,html,twitter-bootstrap",jquery,413
869,"javascript,jquery,html,twitter-bootstrap",html,413
870,"javascript,jquery,html,twitter-bootstrap",twitter-bootstrap,413
871,"apache,.htaccess,mod-rewrite",apache,444
872,"apache,.htaccess,mod-rewrite",.htaccess,444
873,"apache,.htaccess,mod-rewrite",mod-rewrite,444
874,"java,selenium,selenium-webdriver",java,359
875,"java,selenium,selenium-webdriver",selenium,359
876,"java,selenium,selenium-webdriver",selenium-webdriver,359
877,"sql,oracle",sql,3459
878,"sql,oracle",oracle,3459
879,"ios,objective-c,uitableview",ios,792
880,"ios,objective-c,uitableview",objective-c,792
881,"ios,objective-c,uitableview",uitableview,792
882,"angular,angular-cli",angular,348
883,"angular,angular-cli",angular-cli,348
884,"c#,.net,linq",c#,304
885,"c#,.net,linq",.net,304
886,"c#,.net,linq",linq,304
887,"ios,objective-c,xcode",ios,354
888,"ios,objective-c,xcode",objective-c,354
889,"ios,objective-c,xcode",xcode,354
890,"javascript,jquery,html,forms",javascript,346
891,"javascript,jquery,html,forms",jquery,346
892,"javascript,jquery,html,forms",html,346
893,"javascript,jquery,html,forms",forms,346
894,"python,beautifulsoup",python,608
895,"python,beautifulsoup",beautifulsoup,608
896,"python,django,django-rest-framework",python,631
897,"python,django,django-rest-framework",django,631
898,"python,django,django-rest-framework",django-rest-framework,631
899,"python,opencv",python,342
900,"python,opencv",opencv,342
901,"java,arrays",java,1997
902,"java,arrays",arrays,1997
903,"angular,typescript",angular,1578
904,"angular,typescript",typescript,1578
905,"javascript,angularjs,angularjs-directive",javascript,614
906,"javascript,angularjs,angularjs-directive",angularjs,614
907,"javascript,angularjs,angularjs-directive",angularjs-directive,614
908,"jquery,html,css,twitter-bootstrap",jquery,466
909,"jquery,html,css,twitter-bootstrap",html,466
910,"jquery,html,css,twitter-bootstrap",css,466
911,"jquery,html,css,twitter-bootstrap",twitter-bootstrap,466
912,"php,wordpress",php,2511
913,"php,wordpress",wordpress,2511
914,"android,parse-platform",android,307
915,"android,parse-platform",parse-platform,307
916,"javascript,function",javascript,381
917,"javascript,function",function,381
918,"javascript,reactjs,redux",javascript,415
919,"javascript,reactjs,redux",reactjs,415
920,"javascript,reactjs,redux",redux,415
921,"php,json",php,1236
922,"php,json",json,1236
923,"reactjs,react-native",reactjs,435
924,"reactjs,react-native",react-native,435
925,"python,pandas,dataframe",python,2705
926,"python,pandas,dataframe",pandas,2705
927,"python,pandas,dataframe",dataframe,2705
928,"r,shiny",r,1209
929,"r,shiny",shiny,1209
930,"java,hibernate",java,721
931,"java,hibernate",hibernate,721
932,"vba,ms-word",vba,461
933,"vba,ms-word",ms-word,461
934,"jquery,css",jquery,958
935,"jquery,css",css,958
936,"python,arrays",python,365
937,"python,arrays",arrays,365
938,"scala,apache-spark,apache-spark-sql",scala,372
939,"scala,apache-spark,apache-spark-sql",apache-spark,372
940,"scala,apache-spark,apache-spark-sql",apache-spark-sql,372
941,"sql,oracle,plsql",sql,414
942,"sql,oracle,plsql",oracle,414
943,"sql,oracle,plsql",plsql,414
944,"javascript,angularjs,angular-ui-router",javascript,478
945,"javascript,angularjs,angular-ui-router",angularjs,478
946,"javascript,angularjs,angular-ui-router",angular-ui-router,478
947,"php,regex,preg-replace",php,305
948,"php,regex,preg-replace",regex,305
949,"php,regex,preg-replace",preg-replace,305
950,"c,arrays,pointers",c,403
951,"c,arrays,pointers",arrays,403
952,"c,arrays,pointers",pointers,403
953,"amazon-web-services,amazon-ec2",amazon-web-services,305
954,"amazon-web-services,amazon-ec2",amazon-ec2,305
955,"ios,xcode",ios,692
956,"ios,xcode",xcode,692
957,"php,mysql,wordpress",php,328
958,"php,mysql,wordpress",mysql,328
959,"php,mysql,wordpress",wordpress,328
960,"php,xml",php,452
961,"php,xml",xml,452
962,"html,css,css-selectors",html,483
963,"html,css,css-selectors",css,483
964,"html,css,css-selectors",css-selectors,483
965,"javascript,php,html",javascript,956
966,"javascript,php,html",php,956
967,"javascript,php,html",html,956
968,"php,javascript,ajax",php,529
969,"php,javascript,ajax",javascript,529
970,"php,javascript,ajax",ajax,529
971,"bash,shell",bash,979
972,"bash,shell",shell,979
973,"html,angularjs",html,489
974,"html,angularjs",angularjs,489
975,"ios,objective-c,iphone",ios,348
976,"ios,objective-c,iphone",objective-c,348
977,"ios,objective-c,iphone",iphone,348
978,"javascript,php,jquery,html",javascript,938
979,"javascript,php,jquery,html",php,938
980,"javascript,php,jquery,html",jquery,938
981,"javascript,php,jquery,html",html,938
982,"python,list",python,1606
983,"python,list",list,1606
984,"c#,wpf,mvvm",c#,465
985,"c#,wpf,mvvm",wpf,465
986,"c#,wpf,mvvm",mvvm,465
987,"html,css,flexbox",html,1767
988,"html,css,flexbox",css,1767
989,"html,css,flexbox",flexbox,1767
990,"python,multithreading",python,359
991,"python,multithreading",multithreading,359
992,"c#,mysql",c#,363
993,"c#,mysql",mysql,363
994,"node.js,express",node.js,963
995,"node.js,express",express,963
996,"python,datetime",python,306
997,"python,datetime",datetime,306
998,"ruby-on-rails,ruby,rspec",ruby-on-rails,327
999,"ruby-on-rails,ruby,rspec",ruby,327
1000,"ruby-on-rails,ruby,rspec",rspec,327
1001,"wordpress,woocommerce",wordpress,414
1002,"wordpress,woocommerce",woocommerce,414
1003,"php,mysql,codeigniter",php,812
1004,"php,mysql,codeigniter",mysql,812
1005,"php,mysql,codeigniter",codeigniter,812
1006,"asp.net,vb.net",asp.net,317
1007,"asp.net,vb.net",vb.net,317
1008,"html,css,wordpress",html,399
1009,"html,css,wordpress",css,399
1010,"html,css,wordpress",wordpress,399
1011,"laravel,eloquent",laravel,306
1012,"laravel,eloquent",eloquent,306
1013,"php,arrays,sorting",php,336
1014,"php,arrays,sorting",arrays,336
1015,"php,arrays,sorting",sorting,336
1016,"python,python-3.x,pandas",python,405
1017,"python,python-3.x,pandas",python-3.x,405
1018,"python,python-3.x,pandas",pandas,405
1019,"python,tensorflow",python,1010
1020,"python,tensorflow",tensorflow,1010
1021,"javascript,html,canvas",javascript,715
1022,"javascript,html,canvas",html,715
1023,"javascript,html,canvas",canvas,715
